{
  "train_loss": [
    2.246189682347,
    2.1465931933396942,
    2.101746130141483,
    2.078301936957487,
    2.0492588592942353,
    2.025401018227741,
    2.0116992323261917,
    1.9836630487138298,
    1.95777798230481,
    1.8952479385266638,
    1.5990125578679857,
    1.0945505776982398,
    0.6216595837265063,
    0.3825524022245103,
    0.26321983859417547,
    0.22139654199408879,
    0.1924147657622957,
    0.15839491153408766,
    0.1420671440376218,
    0.13160363205109432,
    0.11857973409306471,
    0.11124400941619447,
    0.068561544886547,
    0.04151269877299809,
    0.037986460254545426,
    0.03753590348894429,
    0.03485249459541812,
    0.03296799889237732,
    0.01978589087549692,
    0.015340776283184221,
    0.012970061665756783,
    0.012656708104850332,
    0.01340159818668743,
    0.012312657997282045,
    0.011479824439030745,
    0.010799472524812682,
    0.011912357211884135,
    0.012641270659792765,
    0.013925331075613499,
    0.012909237826673112,
    0.013427270875552634,
    0.006158724367254485,
    0.00653877125648488,
    0.007706540805316578,
    0.007008216375797234,
    0.00602922655256824,
    0.002840134326963994,
    0.005574639943156949,
    0.010356518159661987,
    0.005963346892823228
  ],
  "train_acc": [
    0.13523888049695676,
    0.16267016992517938,
    0.17737279740965464,
    0.18448867843182473,
    0.1963705457064626,
    0.2070317330120215,
    0.21344337221815743,
    0.2244925149600437,
    0.23265472053421254,
    0.26687298690842415,
    0.40282935943944553,
    0.6006995998919143,
    0.7779565495183476,
    0.8807721721123043,
    0.9237362441896619,
    0.9364304579766061,
    0.9465988805739082,
    0.9565025820173867,
    0.9638507802015873,
    0.9646684717186886,
    0.9694215691190113,
    0.9711967616322614,
    0.9838146229960336,
    0.9905253214694273,
    0.9913359185769326,
    0.9917471832975913,
    0.9918063746963106,
    0.9918446055874388,
    0.9954965448007193,
    0.9964979441333638,
    0.9969419995317785,
    0.9971577027748129,
    0.9969822687424666,
    0.9971590843561219,
    0.9978295444828651,
    0.9978287119490974,
    0.9975297316703524,
    0.9973405571054786,
    0.9969391290131333,
    0.9977081845984382,
    0.9973498731238863,
    0.998702311734694,
    0.9986708633396904,
    0.9987122542945616,
    0.9984539251612065,
    0.9985286453544223,
    0.9992979862075714,
    0.9989286098455458,
    0.9980464508159789,
    0.9988116041397143
  ],
  "val_loss": [
    2.179139979183674,
    2.1099822744727135,
    2.080083817243576,
    2.052588652819395,
    2.042402371764183,
    2.069479178637266,
    2.0192987211048603,
    2.004850372672081,
    1.9382716082036495,
    1.7908621095120907,
    1.240208938717842,
    0.5924497237429023,
    0.21532651828601956,
    0.05065805645426735,
    0.04471314139664173,
    0.04684175556758419,
    0.02289275237126276,
    0.008064847730565816,
    0.011567427412956022,
    0.015045133644889574,
    0.008630131502286531,
    0.07543057797010988,
    0.0008541306069673738,
    0.0004866919070991571,
    0.0005870819131814642,
    0.003658496148091217,
    0.0025360700055898633,
    0.0019799222222900426,
    0.000141296977744787,
    0.00010541175129219482,
    9.166612812805397e-05,
    9.496314282841922e-05,
    0.00011494355408103729,
    7.855218086660898e-05,
    7.672448361972783e-05,
    5.7670056889946864e-05,
    5.125739630784665e-05,
    8.897943803276576e-05,
    8.289647053061344e-05,
    5.41099383326582e-05,
    0.00014049213177713682,
    4.37670230439835e-05,
    4.0423916175313934e-05,
    4.401157707434322e-05,
    4.486620537136332e-05,
    3.670905562103144e-05,
    3.070359292678404e-05,
    2.938560675147528e-05,
    0.005561928509109748,
    3.49429564039383e-05
  ],
  "val_acc": [
    0.14494703169063264,
    0.18003486100399052,
    0.17933160472371526,
    0.1893630642338293,
    0.1931147437063823,
    0.19876040430511208,
    0.20091712142828314,
    0.21165611528321782,
    0.23939621552246373,
    0.300206590235004,
    0.5417459485936001,
    0.7784134917307539,
    0.9310839365327759,
    0.9882916501822255,
    0.9894001186803755,
    0.9891785686320763,
    0.9958136450068118,
    0.9989145290134382,
    0.9972888284246281,
    0.9978590413019753,
    0.998916355591693,
    0.9806836042390978,
    0.9998183139534884,
    1.0,
    1.0,
    0.9987578758588481,
    0.9996466106567851,
    0.9996331755593804,
    1.0,
    1.0,
    1.0,
    1.0,
    1.0,
    1.0,
    1.0,
    1.0,
    1.0,
    1.0,
    1.0,
    1.0,
    1.0,
    1.0,
    1.0,
    1.0,
    1.0,
    1.0,
    1.0,
    1.0,
    0.9992926093523962,
    1.0
  ],
  "val_seq_acc": [
    0.0107421875,
    0.01513671875,
    0.0166015625,
    0.01953125,
    0.01904296875,
    0.01904296875,
    0.0166015625,
    0.0185546875,
    0.02392578125,
    0.0439453125,
    0.150390625,
    0.44921875,
    0.818359375,
    0.96826171875,
    0.97119140625,
    0.97265625,
    0.9912109375,
    0.9970703125,
    0.99267578125,
    0.994140625,
    0.9970703125,
    0.94970703125,
    0.99951171875,
    1.0,
    1.0,
    0.99658203125,
    0.9990234375,
    0.9990234375,
    1.0,
    1.0,
    1.0,
    1.0,
    1.0,
    1.0,
    1.0,
    1.0,
    1.0,
    1.0,
    1.0,
    1.0,
    1.0,
    1.0,
    1.0,
    1.0,
    1.0,
    1.0,
    1.0,
    1.0,
    0.998046875,
    1.0
  ],
  "test_loss": 2.9811289437020605e-05,
  "test_acc": 1.0,
  "test_seq_acc": 1.0,
  "config": {
    "data_dir": "../data/problem1",
    "results_dir": "results",
    "vocab_size": 12,
    "d_model": 128,
    "num_heads": 4,
    "num_encoder_layers": 2,
    "num_decoder_layers": 2,
    "d_ff": 512,
    "dropout": 0.1,
    "batch_size": 64,
    "num_epochs": 50,
    "learning_rate": 0.001
  }
}