{
  "train_loss": [
    0.7004174673104588,
    0.6944440437268607,
    0.6933241743075697,
    0.6947868345658991,
    0.6935766316667388,
    0.6934282379814342,
    0.6933178547062452,
    0.6932297062270248
  ],
  "train_acc": [
    0.4972,
    0.5056,
    0.5111,
    0.4989,
    0.5,
    0.5,
    0.5,
    0.5
  ],
  "val_loss": [
    0.6929762586951256,
    0.6947252601385117,
    0.6922789551317692,
    0.693882841616869,
    0.6934411972761154,
    0.693271204829216,
    0.6931938380002975,
    0.6931683085858822
  ],
  "val_acc": [
    0.501,
    0.5,
    0.516,
    0.5,
    0.5,
    0.5,
    0.5,
    0.5
  ],
  "total_time": 11.675685167312622,
  "encoding_type": "learned"
}