{
  "train_loss": [
    0.7075782455975497,
    0.6937874487683743,
    0.693665623664856,
    0.6932975453666493,
    0.693413898160186,
    0.6926291501974757,
    0.6925106471097922,
    0.6910090054137797,
    0.6902734652350221,
    0.6891759151144873,
    0.6878461641601369
  ],
  "train_acc": [
    0.4949,
    0.5083,
    0.5026,
    0.5008,
    0.5114,
    0.5096,
    0.5137,
    0.5236,
    0.5272,
    0.534,
    0.5403
  ],
  "val_loss": [
    0.69676848128438,
    0.6941957697272301,
    0.6932785511016846,
    0.6928955875337124,
    0.6930200718343258,
    0.6925776973366737,
    0.69421212002635,
    0.6939062997698784,
    0.6962512582540512,
    0.7012941539287567,
    0.6986005492508411
  ],
  "val_acc": [
    0.5,
    0.5015,
    0.5,
    0.512,
    0.516,
    0.519,
    0.512,
    0.4995,
    0.5055,
    0.49,
    0.498
  ],
  "total_time": 15.370055198669434,
  "encoding_type": "none"
}