{
  "train_loss": [
    0.70135604052604,
    0.5298397341106511,
    0.09184467166962833,
    0.026041620417610045,
    0.01351451532048751,
    0.008644379074062675,
    0.004851614314754408,
    0.0038186244175357144,
    0.0023275232331429778,
    0.001734606955496814
  ],
  "train_acc": [
    0.5064,
    0.6979,
    0.9684,
    0.9921,
    0.9949,
    0.9972,
    0.9982,
    0.9987,
    0.9991,
    0.9996
  ],
  "val_loss": [
    0.6907536499202251,
    0.2631344869732857,
    0.03174497182772029,
    0.021003771747928113,
    0.0182602899876656,
    0.022911349444257212,
    0.021906071067292032,
    0.024449506254313746,
    0.0417113728454126,
    0.035921400868431874
  ],
  "val_acc": [
    0.5705,
    0.925,
    0.9915,
    0.9915,
    0.997,
    0.995,
    0.9965,
    0.996,
    0.994,
    0.996
  ],
  "total_time": 14.216448068618774,
  "encoding_type": "sinusoidal"
}