{
  "head_importance": [
    0.0011419554521125974,
    6.597813808184583e-05,
    4.7042415143969265,
    0.02057612892713223
  ],
  "ranking": [
    2,
    3,
    0,
    1
  ]
}